appid,name,playtime_hours,last_played_utc,recent
3768760,007 First Light,15.4,2026-07-26T14:26:08+00:00,False
3040880,07GORILLAS,0.0,,False
497400,1 Moment Of Time: Silentville,3.4,2017-10-09T15:27:36+00:00,False
435790,10 Second Ninja X,0.0,,False
282800,100% Orange Juice,0.0,,False
410110,12 is Better Than 6,0.0,,False
1966900,20 Minutes Till Dawn,0.0,,False
335190,200% Mixed Juice!,0.0,,False
958520,33 Immortals,2.5,2026-06-17T11:29:15+00:00,False
648580,428 Shibuya Scramble,0.0,,False
3504700,4Wheel Challenge (Wheelchair Simulator),0.0,,False
251570,7 Days to Die,71.4,2023-10-03T07:28:02+00:00,False
2074810,8-Bit Farm,0.0,,False
503560,911 Operator,0.0,,False
717610,A Case of Distrust,0.0,,False
3694480,A Game About Feeding A Black Hole,0.0,,False
1467920,A Guidebook Of Babel,0.0,,False
1252830,A Juggler's Tale,0.0,,False
1497450,A Memoir Blue,3.8,2023-03-13T11:29:49+00:00,False
752590,A Plague Tale: Innocence,8.0,2026-07-28T12:40:35+00:00,False
1182900,A Plague Tale: Requiem,20.4,2026-08-01T04:04:36+00:00,False
278360,A Story About My Uncle,0.0,,False
1222700,A Way Out,7.6,2023-03-13T16:02:21+00:00,False
1904480,Absolum,0.0,,False
473690,Absolver,0.0,,False
390710,Acceleration of SUGURI 2,0.0,,False
502500,ACE COMBAT™7: SKIES UNKNOWN,0.0,,False
1815570,Aces and Adventures,0.0,,False
1234430,Ad Infinitum,0.0,,False
1323540,Aerial_Knights Never Yield,0.0,,False
1517970,Aeterna Noctis,0.0,,False
1701520,Afterimage,0.0,,False
374900,Agatha Christie - The ABC Murders,0.0,,False
603850,Age of History II,0.0,,False
226840,Age of Wonders III,2.5,2022-03-13T17:17:24+00:00,False
801480,Agent A: A puzzle in disguise,0.0,,False
3757210,Agreeee,9.7,2026-04-20T02:12:06+00:00,False
2407270,AI Limit,40.0,2025-12-28T15:04:59+00:00,False
982290,Airborne Kingdom,2.4,2022-03-13T08:55:10+00:00,False
713600,Airstrike One,0.0,,False
108710,Alan Wake,0.0,,False
202750,Alan Wake's American Nightmare,0.0,,False
1337010,Alba: A Wildlife Adventure,0.0,,False
19680,Alice: Madness Returns,0.0,,False
562430,Alien Hostage,2.7,2017-09-27T04:30:06+00:00,False
217920,Alien Rage - Unlimited,0.0,,False
1150440,Aliens: Dark Descent,0.0,,False
2704110,Aliya: Timelink,0.0,,False
663240,All You Can Eat,0.0,,False
239200,Amnesia: A Machine for Pigs,0.0,,False
57300,Amnesia: The Dark Descent,0.0,,False
359390,Amnesia™: Memories,3.5,2018-01-20T08:00:49+00:00,False
409380,Among the Heavens,3.8,2017-09-27T11:52:52+00:00,False
3393280,Anime Shop Simulator ✨,18.8,2026-09-20T16:20:47+00:00,True
1933970,Anime Studio Story,0.0,,False
2378620,Anomaly Agent,0.0,,False
251530,Anomaly Korea,0.0,,False
91200,Anomaly Warzone Earth,0.0,,False
1887840,Another Crab's Treasure,17.9,2026-05-26T12:29:19+00:00,False
1172470,Apex Legends,74.5,2023-11-05T11:46:28+00:00,False
1808500,ARC Raiders,0.5,2025-11-01T08:05:59+00:00,False
346110,ARK: Survival Evolved,0.0,,False
407530,ARK: Survival Of The Fittest,0.0,,False
107410,Arma 3,0.0,,False
1888160,ARMORED CORE™ VI FIRES OF RUBICON™,2.4,2023-10-31T12:35:53+00:00,False
1720090,Aspire: Ina's Tale,0.0,,False
3751950,Assassin's Creed Black Flag Resynced,0.3,2026-07-19T10:45:48+00:00,False
582160,Assassin's Creed Origins,13.2,2018-01-20T13:23:50+00:00,False
3159330,Assassin's Creed Shadows,77.7,2026-06-20T04:57:28+00:00,False
2208920,Assassin's Creed Valhalla,0.0,2026-02-02T15:09:31+00:00,False
244210,Assetto Corsa,0.0,,False
1121780,Astria Ascending,0.0,,False
1230530,Atlas Fallen,39.4,2026-01-24T03:00:34+00:00,False
668580,Atomic Heart,20.4,2025-12-24T16:53:22+00:00,False
1907720,Autonauts vs Piratebots,0.0,,False
319830,AX:EL,0.0,,False
2075240,Baby Shark™: Sing & Swim Party,0.0,,False
924970,Back 4 Blood,0.0,,False
508200,Bacon Tales - Between Pigs and Wolves,1.4,2022-04-10T15:56:49+00:00,False
688420,Bad North: Jotunn Edition,0.0,,False
34900,Bad Rats,1.4,2022-03-13T16:09:38+00:00,False
1031120,Bakery Simulator,0.0,,False
3755320,BakeryDiary,12.9,2026-06-22T04:36:32+00:00,False
1086940,Baldur's Gate 3,1.1,2023-08-05T07:43:27+00:00,False
2062430,BALL x PIT,17.7,2026-02-23T01:05:02+00:00,False
1723560,Ballads of Hongye,0.5,2022-11-15T13:19:36+00:00,False
2656540,Ballads of Hongye: REBORN,0.0,,False
1493640,Banishers: Ghosts of New Eden,0.0,,False
994730,Banner of the Maid,0.0,,False
602960,Barotrauma,5.5,2023-03-13T18:32:55+00:00,False
618140,Barro,0.0,,False
1797610,Barro 22,0.0,,False
2102490,Basketball Club Story,0.0,,False
35140,Batman: Arkham Asylum GOTY Edition,2.1,2023-10-31T13:37:30+00:00,False
200260,Batman: Arkham City GOTY,2.1,2023-10-31T13:37:31+00:00,False
208650,Batman™: Arkham Knight,2.1,2023-10-31T13:37:32+00:00,False
209000,Batman™: Arkham Origins,2.7,2022-03-13T17:33:24+00:00,False
452570,Battle Chef Brigade,0.0,,False
1238840,Battlefield™ 1,0.0,,False
1517290,Battlefield™ 2042,4.9,2023-10-31T02:35:23+00:00,False
3081410,Battlefield™ 6 Open Beta,0.1,2025-08-10T05:01:29+00:00,False
504370,Battlerite,0.5,2017-11-09T17:11:14+00:00,False
509600,BattleTime,2.7,2018-06-05T10:40:28+00:00,False
2001760,Beast of Reincarnation,28.9,2026-08-08T13:22:44+00:00,False
2072420,Beastie Bay DX,0.0,,False
461950,Beat Cop,0.0,,False
618740,Beat Hazard 2,0.5,2026-06-09T05:18:46+00:00,False
1082430,Before Your Eyes,0.0,,False
1634150,Behind the Frame: The Finest Scenery,1.9,2026-07-13T05:07:15+00:00,False
475550,Beholder,0.0,2024-03-19T01:23:07+00:00,False
761620,Beholder 2,0.0,,False
1570070,Beholder 3,0.0,,False
2825530,Beholder: Conductor,0.0,,False
1063660,Bendy and the Dark Revival,0.0,,False
622650,Bendy and the Ink Machine,0.0,,False
1803400,Beneath Oresa,0.0,,False
346010,Besiege,0.0,,False
1158500,Between Two Castles - Digital Edition,0.0,,False
960990,Beyond: Two Souls,0.0,,False
2397250,Big Helmet Heroes,0.0,,False
3315330,Big Winner,0.5,2025-06-15T11:17:57+00:00,False
1710100,Bing in Wonderland,13.0,2026-07-21T12:05:54+00:00,False
1928690,Bionic Bay,0.0,,False
8850,BioShock 2,0.0,,False
409720,BioShock 2 Remastered,0.0,,False
8870,BioShock Infinite,0.0,,False
1071870,Biped,0.0,,False
2102480,Biz Builder Delux,0.0,,False
1138660,Black Book,0.0,,False
2358720,Black Myth: Wukong,78.3,2025-10-21T13:49:03+00:00,False
1143810,Black Skylands,0.0,,False
729660,Blackout Z: Slaughterhouse Edition,0.0,,False
1532690,BLACKTAIL,0.0,,False
3616890,Blade & Soul Heroes,0.1,2026-01-09T05:13:53+00:00,False
2333510,Blade Prince Academy,0.0,,False
1982340,Blanc,0.0,,False
774361,Blasphemous,0.0,,False
2114740,Blasphemous 2,0.0,,False
2273430,BlazBlue Entropy Effect,0.1,2025-12-04T16:18:14+00:00,False
1478540,Bless Unleashed - Beta Test,0.2,2021-05-16T17:19:35+00:00,False
3850560,Blood Money: Lethal Eden,0.0,,False
820540,Bloodroots,0.0,,False
336110,Bloody Streets,3.2,2017-11-01T06:51:00+00:00,False
960090,Bloons TD 6,0.0,,False
1220150,Blue Fire,0.0,,False
1793350,Blue Fire: Void Maker,0.0,,False
2406770,Bodycam,1.4,2024-12-19T10:42:51+00:00,False
1801110,BOKURA,0.0,,False
355020,Bomb The Monsters!,1.4,2022-04-10T15:56:49+00:00,False
4656000,BOMBANANA!,0.0,,False
537800,Bomber Crew,0.0,,False
3419430,Bongo Cat,392.9,2026-05-31T01:42:18+00:00,False
8980,Borderlands GOTY,0.0,,False
729040,Borderlands GOTY Enhanced,0.0,,False
598780,Boreal Blade,0.0,,False
1364020,Boundary,1.3,2023-04-22T14:27:05+00:00,False
1947950,Boxing Gym Story,0.0,,False
1623940,Bramble: The Mountain King,0.0,,False
943370,Bravery and Greed,0.0,,False
738520,Breathedge,0.0,,False
684410,Bridge Constructor Portal,0.0,,False
1178830,Bright Memory: Infinite,0.2,2023-10-24T15:04:33+00:00,False
274190,Broforce,0.0,,False
232790,Broken Age,0.0,,False
1942280,Brotato,0.0,,False
225080,Brothers - A Tale of Two Sons,4.1,2023-10-31T09:25:08+00:00,False
225260,Brütal Legend,11.5,2017-12-10T12:21:26+00:00,False
2835570,Buckshot Roulette,0.0,,False
2142330,Bud Spencer & Terence Hill - Slaps And Beans 2,0.0,,False
1933990,Burger Bistro Story,0.0,,False
1443820,BustyBiz,0.9,2025-01-06T10:49:02+00:00,False
2427100,Cafe Master Story,0.0,,False
1952170,Cafeteria Nipponica,0.0,,False
1588550,Cairn,0.0,,False
1112890,Calico,0.0,,False
399810,Call of Cthulhu,0.0,,False
1938090,Call of Duty®,183.4,2025-03-28T06:48:08+00:00,False
4783780,Call of Duty®: Modern Warfare® 4 - Beta,0.9,2026-08-22T17:33:58+00:00,False
3595230,Call of Duty®: Modern Warfare® II,0.0,,False
204450,Call of Juarez Gunslinger,0.0,,False
420060,Candle,0.0,,False
645630,Car Mechanic Simulator 2018,0.0,,False
1582650,Caravan Sandwitch,0.0,,False
2198070,Cardboard Town,0.0,,False
953490,CARRION,5.7,2024-11-03T14:02:18+00:00,False
1172450,Carto,0.1,2026-06-08T07:24:03+00:00,False
1321440,Cassette Beasts,0.5,2023-04-29T13:37:52+00:00,False
3483740,Cast n Chill,0.4,2025-07-05T04:56:36+00:00,False
204360,Castle Crashers,0.0,,False
2888470,Castle Doombad Classic,0.0,,False
2797340,Cat God Ranch,0.0,,False
4018550,Cat Isle,4.4,2026-09-21T04:53:15+00:00,True
593280,Cat Quest,0.0,,False
914710,Cat Quest II,0.0,,False
2305840,Cat Quest III,0.0,,False
1999520,CATO: Buttered Cat,0.0,,False
2848360,Cavern Adventurers,0.0,,False
504230,Celeste,0.0,,False
918570,Century: Age of Ashes,0.2,2021-12-19T10:00:03+00:00,False
2567870,Chained Together,0.2,2025-10-30T16:46:46+00:00,False
319050,Chaos Reborn,0.0,,False
1555110,Chasing Tails -A Promise in the Snow-,0.0,,False
256290,Child of Light,0.0,,False
736190,Chinese Parents,12.4,2018-11-15T05:13:23+00:00,False
1824220,Chivalry 2,0.0,,False
1766740,Choo-Choo Charles,0.0,,False
1153640,Chorus,0.0,,False
3214610,Cinderia,0.0,,False
255710,Cities: Skylines,16.1,2024-06-06T09:51:14+00:00,False
1578650,Citizen Sleeper,0.0,,False
2442460,Citizen Sleeper 2: Starward Vector,0.0,,False
1903340,Clair Obscur: Expedition 33,34.9,2025-11-24T18:35:34+00:00,False
1430680,Clash: Artifacts of Chaos,0.0,,False
1551980,Clive Barker's Hellraiser: Revival,0.0,,False
678960,CODE VEIN,0.0,,False
2649080,Coffee Caravan,9.6,2026-06-21T18:19:14+00:00,False
940710,Colt Canyon,0.0,,False
231430,Company of Heroes 2,2.5,2022-03-13T16:27:21+00:00,False
3238670,Conquest Dark,0.0,,False
3669870,CONTROL Resonant,0.0,,False
870780,Control Ultimate Edition,20.7,2025-06-21T08:26:40+00:00,False
2119650,Convenience Stories,0.0,,False
1928090,Cook Serve Forever,0.0,,False
514580,Cooking Witch,3.2,2017-11-01T07:56:26+00:00,False
1621690,Core Keeper,3.2,2024-03-19T03:10:56+00:00,False
1218210,Coromon,0.0,,False
1601740,Corpse Keeper,0.0,,False
1368140,Corsair Cove,26.8,2026-08-15T17:16:18+00:00,False
2918500,Cozy Island,0.0,,False
595440,CPU Invaders,3.4,2017-10-09T16:33:03+00:00,False
248390,Craft The World,0.0,,False
1921740,CRAYON SHINCHAN The Storm Called! FLAMING KASUKABE RUNNER!!,0.0,,False
351920,Crazy Machines 3,0.0,,False
956030,Creaks,0.0,,False
2933080,Crime Boss: Rockay City,0.0,,False
2737070,Crime Simulator,8.1,2026-07-18T14:34:53+00:00,False
3321460,Crimson Desert Enhanced,183.4,2026-05-31T08:00:43+00:00,False
3333250,Crimson Oath,0.3,2026-05-02T11:17:44+00:00,False
1608070,CRISIS CORE –FINAL FANTASY VII– REUNION,21.6,2026-09-02T10:53:05+00:00,False
2367610,Critter Café,0.0,,False
2101960,Cronos: The New Dawn,53.1,2025-12-31T04:24:36+00:00,False
247080,Crypt of the NecroDancer,0.0,,False
1885110,Cryptmaster,0.0,,False
2096610,Crysis 3 Remastered,0.0,,False
447700,Crystal Crisis,0.0,,False
1313140,Cult of the Lamb,8.3,2025-08-01T16:12:52+00:00,False
2610720,Cultivation Fantasy,0.0,,False
1504570,Cultivation Tales,2.2,2022-04-15T12:01:22+00:00,False
268910,Cuphead,0.8,2025-05-13T13:17:52+00:00,False
1040230,Curious Expedition 2,0.0,,False
1123770,Curse of the Dead Gods,0.0,,False
1091500,Cyberpunk 2077,51.6,2023-10-03T03:52:17+00:00,False
1342490,Daemon X Machina: Titanic Scion,0.0,,False
1548750,Dahlia View,0.0,,False
1037130,Dandy Ace,0.0,,False
413420,Danganronpa 2: Goodbye Despair,0.0,,False
555950,Danganronpa Another Episode: Ultra Despair Girls,0.0,,False
413410,Danganronpa: Trigger Happy Havoc,0.0,,False
335300,DARK SOULS™ II: Scholar of the First Sin,0.0,,False
374320,DARK SOULS™ III,125.6,2025-12-08T04:31:13+00:00,False
570940,DARK SOULS™: REMASTERED,0.0,,False
262060,Darkest Dungeon®,2.4,2023-10-31T13:06:34+00:00,False
606280,Darksiders III,0.0,,False
274520,Darkwood,0.0,,False
951430,Dead Age 2,0.0,,False
3404260,Dead as Disco,0.3,2026-05-05T17:04:23+00:00,False
381210,Dead by Daylight,2.8,2022-03-13T16:27:20+00:00,False
588650,Dead Cells,0.0,,False
934700,Dead Island 2,0.0,,False
383150,Dead Island Definitive Edition,0.0,,False
383180,Dead Island Riptide Definitive Edition,0.0,,False
45740,Dead Rising 2,0.0,,False
45770,Dead Rising 2: Off the Record,0.0,,False
1693980,Dead Space,8.1,2025-05-22T04:16:33+00:00,False
339190,Dead Synchronicity: Tomorrow Comes Today,0.0,,False
838630,Deadliest Catch: The Game,0.0,,False
1422450,Deadlock,4.0,2024-09-12T15:14:10+00:00,False
740080,Deadly Days,0.0,,False
3228590,Deadzone: Rogue,128.0,2026-02-16T00:12:23+00:00,False
1166290,Death and Taxes,0.0,,False
814530,Death Crown,0.0,,False
3280350,DEATH STRANDING 2: ON THE BEACH,124.9,2026-07-02T05:56:59+00:00,False
1850570,DEATH STRANDING DIRECTOR'S CUT,57.6,2026-05-24T16:51:28+00:00,False
894020,Death's Door,0.1,2024-11-05T08:10:50+00:00,False
705120,DeathComing,3.9,2018-06-07T12:22:20+00:00,False
1252330,DEATHLOOP,0.0,,False
820520,Deceive Inc.,0.0,,False
548430,Deep Rock Galactic,46.0,2025-06-09T16:51:00+00:00,False
866520,Defense the Farm,0.0,,False
809880,Degrees of Separation,0.0,,False
4212210,Demon Castle Story,0.0,,False
897930,Demonheart: Hunters,3.4,2023-03-12T18:17:36+00:00,False
755980,DEPLOYMENT,0.0,,False
214340,Deponia,0.0,,False
421050,Deponia Doomsday,0.0,,False
292910,Deponia: The Complete Journey,2.2,2022-03-13T17:01:09+00:00,False
610370,Desperados III,0.0,,False
1085660,Destiny 2,84.9,2024-07-06T02:28:50+00:00,False
792040,Detective Di: The Silk Rose Murders,3.2,2026-03-03T11:27:56+00:00,False
556060,Detective Gallo,0.0,,False
3894590,Detective Worden,0.0,,False
601150,Devil May Cry 5,3.0,2022-03-13T15:52:15+00:00,False
631510,Devil May Cry HD Collection,0.0,,False
1274570,DEVOUR,0.0,,False
3604430,Digger: Galactic Treasures,0.0,,False
1306970,Diluvian Ultra,0.0,,False
1062520,Dinkum,0.2,2022-08-07T10:43:29+00:00,False
4249140,Dino Crisis 2,0.0,,False
632470,Disco Elysium,4.2,2023-10-31T11:28:29+00:00,False
205100,Dishonored,0.0,,False
403640,Dishonored 2,0.0,,False
614570,Dishonored®: Death of the Outsider™ ,0.0,,False
979310,Disjunction,0.0,,False
2592160,Dispatch,32.3,2026-01-05T18:04:00+00:00,False
743390,DISTRAINT 2,0.0,,False
395170,DISTRAINT: Deluxe Edition,0.0,,False
635200,Distrust,0.0,,False
252130,Divide by Sheep,0.0,,False
435150,Divinity: Original Sin 2,0.0,,False
960170,DJMAX RESPECT V,1.5,2024-09-01T09:41:26+00:00,False
220440,DmC Devil May Cry,2.7,2022-03-13T17:33:22+00:00,False
658850,Do Not Feed the Monkeys,0.0,,False
2019300,Dokimon,0.0,,False
2285550,Doloc Town,0.0,,False
760410,Don't Be Afraid,0.0,,False
219740,Don't Starve,0.0,,False
322330,Don't Starve Together,7.8,2023-10-04T06:50:47+00:00,False
782330,DOOM Eternal,0.0,,False
3017860,DOOM: The Dark Ages,0.8,2025-05-19T12:32:09+00:00,False
1622770,Doors: Paradox,5.0,2026-08-16T13:14:43+00:00,False
1272840,Dordogne,0.0,,False
570,Dota 2,25.4,2019-08-17T11:33:06+00:00,False
1107300,Down in Bermuda,0.0,,False
2228030,Dr. Fetus' Mean Meat Machine,0.0,,False
396790,Dracula's Legacy,3.2,2017-09-27T12:53:35+00:00,False
252890,Dracula: Love Kills,0.0,,False
454650,DRAGON BALL XENOVERSE 2,0.0,,False
758190,Dragon Cliff 龙崖,0.0,,False
2054970,Dragon's Dogma 2,2.8,2024-03-24T13:02:55+00:00,False
4570720,DragonSword : Awakening,61.9,2026-08-15T06:44:44+00:00,False
442070,Drawful 2,0.0,,False
1859370,Dream House Days DX,0.0,,False
2119660,Dream Park Story,0.0,,False
2488340,Dream Town Island,0.0,,False
592740,Drift 7 Islands,0.0,,False
2525310,Drop Duchy,0.0,,False
682990,Drug Dealer Simulator,0.0,,False
2714620,Duck Detective: The Ghost of Glamping,1.6,2026-06-06T12:35:18+00:00,False
2637990,Duck Detective: The Secret Salami,0.8,2026-06-08T09:23:03+00:00,False
654990,Dude Simulator,1.2,2022-03-13T15:52:05+00:00,False
2400770,Dungeon Tycoon,0.0,,False
1859360,Dungeon Village,0.0,,False
1983710,Dungeon Village 2,0.0,,False
239140,Dying Light,0.0,,False
3008130,Dying Light: The Beast,65.3,2026-04-23T03:11:40+00:00,False
2384580,DYNASTY WARRIORS: ORIGINS,101.6,2026-02-21T08:09:49+00:00,False
1366540,Dyson Sphere Program,0.0,2021-10-08T14:21:41+00:00,False
1120810,Eastern Exorcist,0.0,,False
959000,Edna & Harvey: The Breakout - Anniversary Edition,0.0,,False
1245620,ELDEN RING,28.3,2025-09-16T05:52:45+00:00,False
2622380,ELDEN RING NIGHTREIGN,3.4,2025-12-22T12:28:56+00:00,False
1413660,Elderand,0.0,,False
1108590,Eldest Souls,0.0,,False
1080020,Electrician Simulator,0.0,,False
2459550,Emberward,5.4,2026-09-21T07:57:19+00:00,True
1654660,En Garde!,0.0,,False
833390,En Tactico,0.0,,False
1369630,ENDER LILIES: Quietus of the Knights,0.0,,False
2725260,ENDER MAGNOLIA: Bloom in the Mist,0.0,,False
289130,ENDLESS Legend™,0.0,,False
1325310,Endless Voyage,0.0,,False
617690,Endless Winter,0.0,,False
1203620,Enshrouded,7.2,2026-04-21T03:03:55+00:00,False
311690,Enter the Gungeon,0.0,,False
2072140,Epic Astro Story,0.0,,False
1312960,Epic Chef,0.0,,False
398850,Epistory - Typing Chronicles,3.7,2017-11-09T06:29:52+00:00,False
1918970,Eresys,0.0,,False
3167020,Escape From Duckov,78.6,2025-11-19T17:04:36+00:00,False
1435790,Escape Simulator,3.2,2024-03-19T14:58:49+00:00,False
1278540,Esports Godfather,0.3,2025-06-15T16:22:57+00:00,False
1543280,Espresso Tycoon,0.0,,False
582890,Estranged: The Departure,0.0,,False
1162280,Eternal Hope,0.0,,False
1046790,Eternal Threads,0.0,,False
227300,Euro Truck Simulator 2,0.0,,False
1416960,Everafter Falls,0.0,,False
845030,Evergate,0.0,,False
396750,EVERSPACE™,0.0,,False
700600,Evil Genius 2,0.0,,False
3818020,Evil School,0.0,,False
1065310,Evil West,2.2,2025-06-28T02:29:11+00:00,False
1220170,Eville,0.0,,False
510840,Evolvation,2.7,2022-03-13T17:33:21+00:00,False
273350,Evolve Stage 2,1.8,2022-03-13T16:27:09+00:00,False
1528810,Exodus Borealis,0.0,,False
286570,F1 2015,3.2,2022-03-13T18:04:36+00:00,False
1651560,Fabledom,0.0,,False
1179080,FAITH,0.0,,False
1151340,Fallout 76,3.1,2023-10-31T11:28:31+00:00,False
1836200,Fallout 76 Public Test Server,0.0,,False
22380,Fallout: New Vegas,0.0,,False
2993780,FANTASY LIFE i: The Girl Who Steals Time,116.3,2025-11-23T19:20:23+00:00,False
1250760,Far Away,0.0,,False
371660,Far Cry Primal,0.0,,False
1570010,FAR: Changing Tides,11.4,2026-07-14T12:40:44+00:00,False
609320,FAR: Lone Sails,9.0,2026-07-15T09:17:32+00:00,False
1031270,Farming Life,0.0,,False
1319460,Fashion Police Squad,0.0,,False
282100,Fearless Fantasy,0.0,,False
3085910,Feastopia,0.2,2026-01-30T16:35:00+00:00,False
545040,Feather,0.0,,False
2336220,Feed The Cups,17.2,2026-03-19T10:21:23+00:00,False
538100,Feel The Snow,0.0,,False
2909400,FINAL FANTASY VII REBIRTH,0.7,2026-05-18T04:25:40+00:00,False
1462040,FINAL FANTASY VII REMAKE INTERGRADE,1.8,2026-05-13T11:09:35+00:00,False
3936590,Final Frontier Story ,0.0,,False
337340,Finding Paradise,0.0,,False
535160,Fire in the Goal,4.7,2017-11-11T08:34:40+00:00,False
1608550,Firegirl: Hack 'n Splash Rescue,0.0,,False
383870,Firewatch,0.0,,False
1288310,Firework,0.1,2021-02-06T06:26:16+00:00,False
809730,FISHERY,0.0,,False
1353270,Five Dates,0.0,,False
694980,Fjong,0.0,,False
1054430,Fling to the Finish,0.0,,False
1832040,Flintlock: The Siege of Dawn,0.0,,False
1102130,Florence,0.0,,False
777880,Fluffy Horde,0.0,,False
2720280,Follow the meaning,0.0,,False
304390,FOR HONOR,0.1,2017-03-25T09:45:16+00:00,False
654310,For Honor - Public Test,0.0,,False
527230,For The King,0.0,,False
1983690,Forest Camp Story,0.0,,False
725400,Forest Escape,0.0,,False
2119670,Forest Golf Planner,0.0,,False
1170080,Foretales,0.0,,False
1296980,Forgotten Fields,0.0,,False
1931730,Fort Solis,0.0,,False
2483190,Forza Horizon 6,0.5,2026-09-14T19:00:24+00:00,True
322450,FRAMED Collection,4.1,2026-03-18T02:21:35+00:00,False
289340,Freight Tycoon Inc.,0.0,,False
1350650,FreshWomen - Season 1,3.2,2023-10-22T14:28:50+00:00,False
1785150,Friends vs Friends,0.0,,False
1502190,From Space,0.0,,False
323190,Frostpunk,0.0,,False
3371770,Funguys Swarm,0.6,2025-12-20T13:38:54+00:00,False
1843310,FUNKO FUSION,0.0,,False
423230,Furi,0.0,,False
2910460,Furry Angel Take In,0.0,,False
465200,Fury Unleashed,0.0,,False
411120,Galaxy Admirals,4.1,2017-10-18T12:10:55+00:00,False
1847240,Game Dev Story,0.0,,False
917720,Gamedec - Definitive Edition,0.0,,False
1915380,Garden Life: A Cozy Simulator,0.0,,False
1771360,Gerda: A Flame in Winter,0.0,,False
240720,Getting Over It with Bennett Foddy,0.0,,False
1111080,Ghost Feed,0.0,,False
2231380,Ghost Recon Breakpoint,0.0,,False
1475810,Ghostwire: Tokyo,14.1,2025-06-22T03:57:12+00:00,False
448320,GIBZ,0.0,,False
1616110,Glitch Busters,0.0,,False
290510,GNOG,0.0,,False
682350,Gnome Light,0.0,,False
2195120,Go-Go Town!,0.5,2026-09-01T08:59:15+00:00,False
265930,Goat Simulator,0.0,,False
3734290,Goblin Sushi,1.5,2026-09-15T16:43:35+00:00,True
438490,GOD EATER 2 Rage Burst,0.0,,False
899440,GOD EATER 3,0.0,,False
460870,GOD EATER RESURRECTION,0.0,,False
488730,God's Trigger,0.0,,False
1432910,Godlike Burger,0.0,,False
3475870,"Gods, Death & Reapers Playtest",0.0,,False
1154810,Going Under,0.0,,False
308000,Gold Rush! Classic,4.2,2017-10-18T14:10:36+00:00,False
1151050,Golf Gang,0.0,,False
431240,Golf With Your Friends,0.0,,False
817510,Golfing Over It with Alva Majo,0.0,,False
265330,Gomo,0.0,,False
437570,GoNNER,0.0,,False
557600,Gorogoa,0.0,,False
1496790,Gotham Knights,0.0,,False
881020,Granblue Fantasy: Relink,24.7,2024-02-14T15:16:38+00:00,False
1978100,Grand Prix Story,0.0,,False
1345860,Grapple Dog,0.0,,False
599140,Graveyard Keeper,0.0,,False
4358690,Graveyard Keeper 2,1.1,2026-09-23T11:43:43+00:00,True
420370,Gravity Island,0.0,,False
606880,GreedFall,0.0,,False
432990,Green Game: TimeSwapper,4.7,2017-11-01T10:33:08+00:00,False
815370,Green Hell,0.0,,False
369990,"Gremlins, Inc.",0.0,,False
290790,Grey Goo,4.9,2017-11-04T10:43:11+00:00,False
44350,GRID 2,2.3,2022-03-13T17:01:04+00:00,False
601840,Griftlands,0.0,,False
219990,Grim Dawn,0.0,,False
3816930,Grind Survivors,50.1,2026-04-15T04:01:53+00:00,False
683320,GRIS,0.0,,False
962130,Grounded,41.1,2022-10-04T10:57:16+00:00,False
2661300,Grounded 2,1.1,2025-07-31T15:41:52+00:00,False
493520,GTFO,31.7,2022-01-09T15:07:10+00:00,False
275390,Guacamelee! Super Turbo Championship Edition,0.0,,False
2512930,Guardians of the Sanctree,0.2,2025-06-22T15:05:37+00:00,False
267920,Gun Metal,2.7,2017-09-27T10:21:21+00:00,False
209080,Guns of Icarus Online,3.0,2017-10-28T07:22:23+00:00,False
322210,"Guns, Gore & Cannoli",0.0,,False
525510,"Guns, Gore and Cannoli 2",0.0,,False
2337460,Gym Manager,0.0,,False
365450,Hacknet,2.2,2022-03-13T17:01:03+00:00,False
1145350,Hades II,11.5,2025-12-23T12:12:25+00:00,False
492180,Haimrik,0.0,,False
2218750,Halls of Torment,12.5,2025-07-15T02:25:54+00:00,False
976730,Halo: The Master Chief Collection,2.1,2023-10-31T13:37:33+00:00,False
98400,Hard Reset,0.0,2026-08-16T03:25:25+00:00,False
407810,Hard Reset Redux,0.0,,False
1282410,Hard West 2,0.0,,False
4018740,Hariti,1.5,2026-08-16T04:54:53+00:00,False
1966420,Harmony: The Fall of Reverie,0.0,,False
341940,Hatred,0.1,2025-12-15T13:45:34+00:00,False
983970,Haven,3.2,2024-09-27T18:51:10+00:00,False
1761620,Headbangers: Rhythm Royale,0.0,,False
797410,Headsnatchers,0.0,,False
3446680,Heartbeat in Thailand,0.0,,False
905340,Heave Ho,0.0,,False
960910,Heavy Rain,0.0,,False
3132250,Heian City Story,0.0,,False
1095120,Helheim Hassle,0.0,,False
1782460,Hell Clock,0.0,,False
1620730,Hell is Us,36.2,2025-10-15T13:53:43+00:00,False
3372060,Hell Maiden,0.0,2026-09-12T05:25:54+00:00,True
2461850,Hellblade II: Senua’s Saga,11.9,2026-01-27T04:41:30+00:00,False
414340,Hellblade: Senua's Sacrifice,23.0,2026-01-26T17:16:16+00:00,False
747350,Hellblade: Senua's Sacrifice VR Edition,0.0,,False
753590,Hellbound,12.0,2022-03-15T15:03:11+00:00,False
553850,HELLDIVERS™ 2,2.2,2024-02-13T03:25:25+00:00,False
588210,HELLION,0.0,,False
521890,Hello Neighbor,0.0,,False
2181610,Heretic's Fork,0.0,,False
269210,Hero Siege,0.0,,False
1948980,Hero's Adventure: Road to Passion,5.0,2026-05-21T11:59:03+00:00,False
1437830,Heroes of the Three Kingdoms 2,0.0,,False
1817230,Hi-Fi RUSH,5.5,2023-03-12T13:14:13+00:00,False
2431880,High Sea Saga DX,0.0,,False
6850,Hitman 2: Silent Assassin,0.0,,False
1659040,HITMAN World of Assassination,0.0,,False
203140,Hitman: Absolution,0.0,,False
6860,Hitman: Blood Money,0.0,,False
6900,Hitman: Codename 47,0.0,,False
247430,Hitman: Contracts,0.0,,False
205930,Hitman: Sniper Challenge,0.0,,False
236870,HITMAN™,3.0,2022-03-13T17:01:15+00:00,False
863550,HITMAN™ 2,0.5,2023-04-14T13:40:35+00:00,False
990080,Hogwarts Legacy,28.1,2026-04-19T10:14:03+00:00,False
1030300,Hollow Knight: Silksong,0.6,2025-09-07T05:05:54+00:00,False
830590,Holy Potatoes! A Spy Story?!,0.0,,False
363600,Holy Potatoes! A Weapon Shop?!,0.0,,False
505730,Holy Potatoes! We’re in Space?!,0.0,,False
664320,Holy Potatoes! What the Hell?!,0.0,,False
467960,Home Behind,0.0,,False
2084720,Home Run High,0.0,,False
259810,Home Sheep Home: Farmageddon Party Edition,0.0,,False
55100,Homefront,0.0,,False
841190,"Honey, I Joined a Cult",0.0,,False
1866180,Hooked on You: A Dead by Daylight Dating Sim™,0.0,,False
2420110,Horizon Forbidden West™ Complete Edition,149.5,2025-12-09T05:52:25+00:00,False
326120,Horizon Shift,3.3,2017-10-10T07:24:08+00:00,False
267980,Hostile Waters: Antaeus Rising,3.2,2017-10-18T09:04:48+00:00,False
382560,Hot Lava,0.0,,False
1823710,Hot Springs Story,0.0,,False
2089450,Hot Springs Story 2,0.0,,False
219150,Hotline Miami,0.0,,False
274170,Hotline Miami 2: Wrong Number,0.0,,False
613100,House Flipper,2.1,2023-10-31T13:37:46+00:00,False
477160,Human Fall Flat,11.3,2024-03-19T04:09:23+00:00,False
3591550,Hunter Roulette,0.0,,False
1409200,HYPERVIOLENT,0.0,,False
3109580,I Am Legion: Stand Survivors,0.0,,False
95400,ibb & obb,3.0,2023-10-31T11:28:34+00:00,False
1149460,Icarus,0.0,,False
2738080,Ignited in Cavern,0.0,,False
1550730,Ikonei Island: An Earthlock Adventure,0.0,,False
1119980,In Sound Mind,0.0,,False
1567440,inbento,0.0,,False
2328540,Incantation,2.0,2024-11-20T18:18:08+00:00,False
283390,Incoming + Incoming Forces,3.9,2017-09-29T12:06:43+00:00,False
1373960,INDIKA,0.0,,False
1184480,Inertial Drift,0.0,,False
1465460,Infection Free Zone,0.3,2024-04-21T10:04:15+00:00,False
1456200,Initial Drift Online,0.0,,False
242700,Injustice: Gods Among Us Ultimate Edition,0.0,,False
627270,Injustice™ 2,2.1,2023-10-31T13:37:34+00:00,False
957960,Inkulinati,0.0,,False
938560,INMOST,0.7,2023-12-15T13:50:34+00:00,False
1369720,Innchanted,0.8,2024-03-13T14:53:47+00:00,False
347000,InnerSpace,0.0,,False
3320,Insaniquarium! Deluxe,0.0,,False
1999170,Insect Swarm,0.0,,False
304430,INSIDE,0.0,,False
2085360,Insomnia: Theater in the Head,0.9,2025-07-04T14:13:46+00:00,False
222880,Insurgency,0.0,,False
1385100,Insurmountable,0.0,,False
579110,Interkosmos,0.0,,False
1136160,Internet Cafe Simulator,0.0,,False
2239710,Into the Dead: Our Darkest Days,0.0,,False
1222300,Into The Flames,0.0,,False
807120,Iratus: Lord of the Dead,0.0,,False
1127610,Iris and the giant,0.0,,False
224900,Iron Sky Invasion,0.0,,False
1426210,It Takes Two,36.1,2025-07-23T17:10:35+00:00,False
1132910,Itorah,0.0,,False
826600,I’m not a Monster,0.0,,False
1099640,Jack Move,0.0,,False
446020,Jalopy,0.0,,False
1590750,JARS,0.0,,False
610840,JASEM: Just Another Shooter with Electronic Music,1.4,2022-04-10T15:41:13+00:00,False
738860,Jetstream,0.1,2026-05-13T07:55:26+00:00,False
5001630,Jiahao,0.0,,False
747620,Joggernauts,0.0,,False
2157830,John Carpenter's Toxic Commando,43.0,2026-04-17T21:33:41+00:00,False
638230,Journey,0.0,,False
255300,Journey of a Roach,0.0,,False
973810,Journey To The Savage Planet,0.0,,False
732370,Juicy Realm,0.0,,False
2191480,Jumbo Airport Story,0.0,,False
1951780,Jumping Jazz Cats,0.0,,False
3633250,Junji Ito Maniac: An Infinite Gaol,10.6,2025-12-05T18:31:06+00:00,False
1244460,Jurassic World Evolution 2,0.0,,False
1977170,Jusant,0.0,,False
2072150,Kairobotica,0.0,,False
1048540,Kao the Kangaroo: Round 2,0.0,,False
3027930,Karate Survivor,7.7,2025-06-26T12:36:06+00:00,False
1376200,KARMA: The Dark World,0.0,,False
1661630,KarmaZoo,0.0,,False
566490,Keen,0.0,,False
341800,Keep Talking and Nobody Explodes,0.0,,False
234270,Ken Follett's The Pillars of the Earth,0.0,,False
1954200,Kena: Bridge of Spirits,0.0,,False
261110,Killer is Dead,3.1,2017-12-10T17:34:28+00:00,False
1250,Killing Floor,0.0,,False
232090,Killing Floor 2,0.0,,False
1839880,King Of The Castle,0.0,,False
379430,Kingdom Come: Deliverance,0.0,,False
1771300,Kingdom Come: Deliverance II,0.0,,False
2849080,Kingdom Rush 5: Alliance TD,29.2,2026-08-14T13:09:48+00:00,False
701160,Kingdom Two Crowns,13.6,2025-06-27T16:02:21+00:00,False
1626620,Koira,0.0,,False
3639650,Kotama and Academy Citadel,13.5,2026-06-20T10:35:17+00:00,False
1158220,Kraken Academy!!,0.0,,False
2510710,Kunitsu-Gami: Path of the Goddess,0.9,2026-07-21T18:58:35+00:00,False
2902540,KUNKUN Defender,0.0,,False
3585310,KUNKUN Defender 2,0.0,,False
1714510,Kusan : City of Wolves,0.8,2026-08-04T18:39:40+00:00,False
1302240,Labyrinthine,2.3,2023-10-31T13:37:36+00:00,False
1796220,Laika: Aged Through Blood,0.4,2026-05-02T17:46:13+00:00,False
783840,Lakeview Valley,0.0,,False
289690,Lara Croft and the Temple of Osiris,0.0,,False
391720,Layers of Fear (2016),1.1,2022-03-13T11:36:28+00:00,False
1029890,Layers of Fear 2,0.0,,False
3981100,Leaf it Alone,2.1,2026-06-06T06:32:36+00:00,False
500,Left 4 Dead,0.0,,False
550,Left 4 Dead 2,3.1,2017-12-11T12:12:07+00:00,False
1859910,Legend of Mortal,0.0,,False
3042830,Legends of Heropolis DX,0.0,,False
2215200,LEGO® Batman™: Legacy of the Dark Knight,30.9,2026-08-25T01:18:44+00:00,False
1898290,LEGO® Bricktales,0.0,,False
920210,LEGO® Star Wars™: The Skywalker Saga,0.0,,False
1335830,Len's Island,0.0,,False
1456940,Level Zero: Extraction,0.0,,False
1627720,Lies of P,76.9,2025-11-30T18:24:01+00:00,False
2632930,Life Eater,0.0,,False
1874000,Life is Strange: Double Exposure,0.0,,False
2072450,Like a Dragon: Infinite Wealth,0.0,,False
1586800,Lil Gator Game,0.0,,False
1573390,Lila’s Sky Ark,0.0,,False
48000,LIMBO,0.0,,False
424840,Little Nightmares,0.0,,False
2149010,Little Nightmares Enhanced Edition,0.0,,False
860510,Little Nightmares II,0.0,,False
1392860,Little Nightmares III,0.0,,False
1644940,Loddlenaut,0.0,,False
3051380,Lofi aquarium,0.0,,False
1452070,Lone Ruin,0.0,,False
1650810,Loopmancer,0.7,2022-07-17T07:04:38+00:00,False
294040,Loot Hero DX,4.0,2017-11-03T12:34:52+00:00,False
4165310,Loot Tycoon,6.5,2026-06-23T10:26:28+00:00,False
349460,Lord of the Dark Castle,1.6,2022-04-10T15:56:50+00:00,False
265300,Lords Of The Fallen,0.0,,False
1501750,Lords of the Fallen,134.6,2026-03-29T09:30:41+00:00,False
2101390,Lost and Found Co.,5.3,2026-09-13T13:49:55+00:00,True
434650,Lost Castle,2.3,2018-07-13T13:55:12+00:00,False
2445690,Lost Castle 2,0.3,2025-06-07T14:34:48+00:00,False
1580520,Lost Eidolons,0.0,,False
1328840,Lost in Play,0.0,,False
2564520,Lost in Random: The Eternal Die,0.0,,False
1931180,Lost Skies,0.0,,False
2322560,Love Is All Around,2.3,2025-12-02T14:48:10+00:00,False
926520,Love Letter,0.0,,False
1849570,Love Stories: When Pastel Meets Grotesque,0.0,,False
939400,LoveChoice,3.8,2023-03-13T08:28:03+00:00,False
2408820,Luma Island,0.3,2026-03-13T01:19:33+00:00,False
3421300,Lyca,0.0,,False
1249080,"Lynn , The Girl Drawn On Puzzles",6.9,2026-08-25T10:55:49+00:00,False
2161620,Lysfanga: The Time Shift Warrior,0.0,,False
568070,Mable & The Wood,0.0,,False
40700,Machinarium,2.2,2026-05-29T19:07:24+00:00,False
2891120,Mad Smartphone Tycoon,0.0,,False
360430,Mafia III: Definitive Edition,0.0,,False
2054800,Magazine Mogul,0.0,,False
238370,Magicka 2,0.0,,False
397080,Magicka 2: Spell Balance Beta,0.0,,False
826940,Maid of Sker,0.0,,False
3404470,Maltese's Fluffy Onsen,205.9,2025-06-20T14:35:21+00:00,False
3831120,Mandate Of Heaven,0.8,2025-11-21T13:08:59+00:00,False
629820,Maneater,0.0,,False
511070,MANIC MINERS,0.0,,False
1952160,March to a Million,0.0,,False
3737620,Marisa!ReturnTheBook!,0.4,2025-12-31T19:13:02+00:00,False
977230,Mars Power Industries Deluxe,0.0,,False
2767030,Marvel Rivals,8.1,2024-12-19T11:10:58+00:00,False
368260,Marvel's Midnight Suns,0.0,,False
1817190,Marvel's Spider-Man: Miles Morales,30.7,2025-10-18T12:36:08+00:00,False
1817070,Marvel’s Spider-Man Remastered,0.0,,False
1160490,Master Of Pottery,1.9,2026-06-23T16:37:25+00:00,False
2024390,Mato Anomalies,0.0,,False
450190,Maze Lord,4.6,2017-09-29T12:08:27+00:00,False
1338580,McPixel 3,0.0,,False
3016800,Mecha BREAK Playtest,0.0,,False
2103680,Mediterranea Inferno,0.0,,False
1923680,Mega Mall Story,7.0,2026-09-07T10:10:09+00:00,False
1983700,Mega Mall Story 2,0.0,,False
363440,Mega Man Legacy Collection,0.0,,False
1267910,Melvor Idle,417.6,2026-09-08T08:18:48+00:00,False
4489930,Memory Brew: Tales of Underworld,6.1,2026-08-30T04:51:42+00:00,False
1040070,Merchant of the Skies,0.0,,False
561340,Merlin adventurer store,7.2,2017-11-04T19:19:46+00:00,False
990380,METAL EDEN,0.0,,False
366250,METAL SLUG,0.0,,False
250180,METAL SLUG 3,0.0,,False
1590760,Metal Slug Tactics,0.0,,False
312610,METAL SLUG X,0.0,,False
286690,Metro 2033 Redux,1.7,2022-03-13T16:27:17+00:00,False
412020,Metro Exodus,0.0,,False
1449560,Metro Exodus Enhanced Edition,0.0,,False
287390,Metro: Last Light Redux,1.7,2022-03-13T16:27:07+00:00,False
1649010,Miasma Chronicles,0.0,,False
356190,Middle-earth™: Shadow of War™,0.0,,False
915810,Midnight Ghost Hunt,0.0,,False
4666090,Midnight Moments,0.0,,False
3334520,MilkTea Time,13.5,2026-05-17T07:38:23+00:00,False
3470560,Millennium Dream,3.8,2026-02-16T11:24:23+00:00,False
1610440,Minds Beneath Us,0.0,,False
3511030,Mini Cozy Room: Lo-Fi,64.9,2026-04-08T11:48:58+00:00,False
2411910,miniBONG,197.7,2026-04-13T05:27:06+00:00,False
1672810,MIO: Memories in Orbit,0.0,,False
368420,Mirage: Arcane Warfare,4.5,2017-09-12T18:57:33+00:00,False
1832640,Mirror 2: Project X,2.0,2022-04-12T14:55:50+00:00,False
1578220,Mister Furry: Hot Muscles,0.0,,False
2582320,Mixtape,9.0,2026-07-06T11:33:53+00:00,False
1164250,Model Builder: Complete Edition,0.0,,False
113020,Monaco,4.0,2017-09-14T04:01:03+00:00,False
796510,Monkey Slap,0.0,,False
1277400,Monster Hunter Stories 2: Wings of Ruin,0.0,,False
2246340,Monster Hunter Wilds,272.0,2026-07-21T18:06:35+00:00,False
3065170,Monster Hunter Wilds Beta test,1.9,2024-11-01T13:59:42+00:00,False
582010,Monster Hunter: World,28.0,2024-01-06T20:18:48+00:00,False
1665190,Monster Prom 3: Monster Roadtrip,0.0,,False
1927720,Monument Valley,0.0,,False
1927740,Monument Valley 2,0.0,,False
4405880,Moon Corona,0.0,,False
1361400,Moonglow Bay,0.0,,False
606150,Moonlighter,5.1,2023-03-13T10:29:22+00:00,False
2350790,Moonlighter 2: The Endless Vault,2.1,2026-09-03T16:11:05+00:00,False
1866130,Morbid Metal,0.7,2026-04-23T05:53:17+00:00,False
1140890,Morbid: The Seven Acolytes,0.0,,False
276810,Mordheim: City of the Damned,0.0,,False
976310,Mortal Kombat 11,2.1,2023-10-31T13:37:35+00:00,False
1110910,Mortal Shell,23.8,2026-06-08T03:13:37+00:00,False
2584270,Mortal Shell II,37.5,2026-08-21T07:07:21+00:00,False
2416450,MOUSE: P.I. For Hire,30.5,2026-04-28T08:15:56+00:00,False
996770,Moving Out,0.0,,False
638070,Murderous Pursuits,1.7,2022-03-13T16:27:01+00:00,False
774171,Muse Dash,4.8,2025-12-28T07:22:28+00:00,False
952040,MUSYNX,2.1,2023-10-31T13:37:42+00:00,False
2328750,My Little Universe,0.0,,False
651500,My Memory of Us,0.2,2026-04-22T13:36:34+00:00,False
666140,My Time at Portia,0.0,,False
1084600,My Time at Sandrock,0.0,,False
3151420,Mystic Explorer,0.0,,False
2539350,Myths of Rules,0.0,,False
2005160,Naheulbeuk's Dungeon Master,0.0,,False
2400640,NanoApostle,0.0,,False
1069530,Narita Boy,0.0,,False
1169040,Necesse,0.0,,False
1451940,NEEDY STREAMER OVERLOAD,0.0,,False
794540,Neo Cab,0.0,,False
788100,Neon Abyss,0.0,,False
1360660,Neon Blight,0.0,,False
2321210,Neon Echo,0.2,2023-04-22T03:14:48+00:00,False
628950,Nephise Begins,0.0,,False
2735580,Netherworld Covenant,1.5,2025-12-19T16:34:14+00:00,False
524220,NieR:Automata™,0.0,2026-05-15T19:24:19+00:00,False
1743080,Night Cascades,0.0,,False
1826060,Night Loops,0.0,2026-07-16T12:51:12+00:00,False
1842730,Nightmare: The Lunatic,0.0,,False
509930,NightmareZ,4.7,2017-11-03T16:21:09+00:00,False
471550,Nine Parchments,0.0,,False
2949580,Nine Treasures of Liuyin,0.2,2024-08-10T16:48:48+00:00,False
3287520,NINJA GAIDEN 2 Black,9.4,2025-11-18T04:08:02+00:00,False
2627260,Ninja Gaiden 4,67.7,2026-03-15T08:57:32+00:00,False
1918520,Ninja Village,0.0,,False
1325200,Nioh 2 – The Complete Edition,14.2,2026-01-20T10:21:00+00:00,False
3681010,Nioh 3,76.4,2026-02-17T06:19:16+00:00,False
485510,Nioh: Complete Edition,0.0,,False
3444220,NiuMa,0.0,,False
2676840,No Case Should Remain Unsolved,0.0,,False
651490,No Longer Home,0.0,,False
275850,No Man's Sky,24.4,2023-09-21T23:44:50+00:00,False
1744330,No More Heroes 3,0.0,,False
1371980,No Rest for the Wicked,2.2,2026-01-26T07:21:31+00:00,False
1939970,Nobody Wants to Die,1.1,2025-07-19T11:47:14+00:00,False
1634080,Nocturnal,0.2,2025-12-23T15:17:59+00:00,False
2477950,Nodes Escape,5.8,2026-04-01T03:49:29+00:00,False
1600370,Not Tonight 2,0.0,,False
1501610,Nova Lands,0.0,,False
2337860,Nubs!,0.0,,False
514900,Observer,0.0,,False
314660,Oddworld: New 'n' Tasty,4.1,2017-11-08T03:33:52+00:00,False
2019370,Oh! Edo Towns,0.0,,False
587620,Okami HD,0.0,,False
2878420,Old Market Simulator,0.3,2026-05-16T08:40:13+00:00,False
597180,Old World,0.0,,False
2025610,Once Again,1.0,2025-06-17T15:49:35+00:00,False
2139460,Once Human,64.9,2025-01-17T05:24:18+00:00,False
1676910,Onde,0.0,,False
980300,One Finger Death Punch 2,0.0,,False
1347420,One Way: The Elevator,0.0,,False
2638890,Onimusha: Way of the Sword,54.4,2026-09-17T05:30:52+00:00,True
1335790,Operation Tango,13.2,2023-02-16T16:15:20+00:00,False
742250,OPUS: Rocket of Whispers,0.0,,False
1167680,Orbital Bullet,0.0,,False
261570,Ori and the Blind Forest,0.0,,False
1057090,Ori and the Will of the Wisps,0.0,,False
491950,Orwell,0.0,,False
798490,Othercide,0.0,,False
1608640,OTXO,0.0,,False
238320,Outlast,5.6,2017-09-29T12:08:06+00:00,False
414700,Outlast 2,0.0,,False
1566690,Outpost: Infinity Siege,2.3,2024-04-05T14:55:10+00:00,False
2307870,OutRage: Fight Fest,0.0,,False
680420,OUTRIDERS,51.0,2021-05-03T18:28:09+00:00,False
794260,Outward,0.0,,False
448510,Overcooked,3.9,2017-11-18T19:22:41+00:00,False
728880,Overcooked! 2,9.4,2025-12-22T15:02:48+00:00,False
3410180,Overlooting,12.2,2026-08-10T14:21:29+00:00,False
2357570,Overwatch®,6.0,2025-05-20T13:15:14+00:00,False
388880,Oxenfree,0.0,,False
1574310,OXENFREE II: Lost Signals,0.0,,False
457140,Oxygen Not Included,0.0,,False
1768280,Ozymandias,0.0,,False
967050,Pacify,2.1,2026-03-31T06:54:43+00:00,False
2707930,Palia,1.5,2025-06-29T09:58:03+00:00,False
1623730,Palworld,126.4,2026-07-13T16:34:24+00:00,False
1334040,Paper Dolls 2,0.0,,False
1889740,Paper Trail,0.0,,False
2012320,Parallel Experiment,0.0,,False
591460,Parkasaurus,0.0,,False
356570,Party Hard,0.0,,False
2383200,PATAPON 1+2 REPLAY,0.0,,False
1347970,Patch Quest,0.0,,False
4243990,Path of Idle: Old Gods Rising,51.8,2026-09-14T10:16:21+00:00,True
1766000,Path of Ra,0.0,,False
1184370,Pathfinder: Wrath of the Righteous - Enhanced Edition,0.0,,False
1037910,Paw Paw Paw,0.0,,False
218620,PAYDAY 2,0.0,,False
3527290,PEAK,12.6,2025-07-06T17:03:47+00:00,False
307590,Penarium,0.0,,False
2964280,Penguin Helper,0.0,,False
1144030,Pesterquest,0.0,,False
4115450,Phantom Blade Zero,0.0,,False
739630,Phasmophobia,9.4,2023-03-13T05:56:38+00:00,False
850320,PHOGS!,0.0,,False
1206070,Phonopolis,10.9,2026-07-18T05:20:52+00:00,False
572890,Pikuniku,0.0,,False
2094910,Pile Up!,0.0,,False
1049280,Pilgrims,0.0,,False
1005240,Pixel Puzzles Illustrations & Anime Jigsaw Puzzles,0.0,,False
1058200,Pixel Puzzles Traditional Jigsaw Puzzles,0.0,,False
285010,Pixel Puzzles: UndeadZ,3.9,2017-10-20T05:25:01+00:00,False
226100,PixelJunk™ Nom Nom Galaxy,0.0,,False
737330,Pixelord,0.0,,False
1951230,Pizza Possum,0.0,,False
562360,"Planes, Bullets and Vodka",0.0,,False
493340,Planet Coaster,0.0,,False
1608230,Planet of Lana,0.0,,False
703080,Planet Zoo,0.0,,False
421040,Plantera,5.9,2017-09-14T08:52:11+00:00,False
1599600,PlateUp!,0.0,,False
1921760,Pocket Academy,0.0,,False
2191490,Pocket Academy 3,0.0,,False
2072130,Pocket Arcade Story,0.0,,False
2050540,Pocket Clothier,0.0,,False
2019380,Pocket Harvest,0.0,,False
1923690,Pocket League Story,0.0,,False
1918530,Pocket Stables,0.0,,False
1043520,Polterguys,0.0,,False
367450,Poly Bridge,0.0,,False
1261530,Ponpu,0.0,,False
1933980,Pool Slide Story,0.0,,False
2543180,POPUCOM,13.4,2025-07-01T15:26:45+00:00,False
620,Portal 2,3.0,2023-10-31T11:28:33+00:00,False
374040,Portal Knights,0.0,,False
223470,POSTAL 2,0.0,,False
401680,POSTAL Redux,0.0,,False
3357650,PRAGMATA,28.0,2026-04-19T11:32:36+00:00,False
480490,Prey,0.0,,False
522040,Princess Remedy In A Heap of Trouble,0.0,,False
233450,Prison Architect,0.0,,False
3036800,PRITTO PRISONER,0.5,2026-05-29T19:43:47+00:00,False
3334710,Pro Wrestler Story,0.0,,False
423580,Project Highrise,0.0,,False
702150,Project Mercury,0.0,,False
774861,Project Winter,3.3,2022-03-13T17:01:16+00:00,False
734820,Protect Me,0.0,,False
3083300,Proverbs,0.0,,False
3313720,Psychic Kung Fu Master,7.2,2026-05-17T12:43:24+00:00,False
3830,Psychonauts,5.6,2017-09-29T12:08:05+00:00,False
607080,Psychonauts 2,0.0,,False
578080,PUBG: BATTLEGROUNDS,505.4,2026-08-28T18:18:47+00:00,False
1186640,Pumpkin Jack,0.0,,False
694490,Quad Hopping,0.0,,False
858870,Queen of Seas 2,0.0,,False
1836120,QUICKERFLAK,0.0,,False
3985950,R.I.P. - Reincarnation Insurance Program,27.4,2026-01-31T07:48:44+00:00,False
1793170,Racine,0.0,,False
648800,Raft,4.5,2025-07-04T08:47:11+00:00,False
1345820,Ragnarock,0.0,,False
1307370,Rain City,0.0,,False
312520,Rain World,0.0,,False
1119730,Ranch Simulator,0.0,,False
1895880,Ratchet & Clank: Rift Apart,0.6,2025-12-23T17:22:35+00:00,False
2071280,Ravenswatch,4.2,2023-04-09T09:34:07+00:00,False
2129530,REANIMAL,5.3,2026-07-26T16:27:49+00:00,False
3116700,Reap and Rush,53.2,2026-09-21T14:55:01+00:00,True
290300,Rebel Galaxy,0.0,,False
710600,Red Bow,0.0,,False
1174180,Red Dead Redemption 2,0.0,,False
419500,Red Game Without A Great Name,3.1,2017-11-03T07:37:24+00:00,False
447290,Redeemer,0.0,,False
2139300,Redemption Reapers,0.0,,False
1294810,Redfall,12.9,2023-05-03T08:29:35+00:00,False
680360,Regions Of Ruin,0.0,,False
4538140,Rehaunted,4.2,2026-09-18T08:24:19+00:00,True
2064610,Relic Guardian,17.3,2026-02-01T03:23:39+00:00,False
228300,Remember Me,3.3,2018-07-28T08:12:04+00:00,False
3097330,ReMix,0.6,2024-09-12T16:04:16+00:00,False
1282100,Remnant II,2.3,2023-10-31T12:04:15+00:00,False
617290,Remnant: From the Ashes,4.8,2023-03-13T07:27:17+00:00,False
633360,Remothered: Tormented Fathers,0.0,,False
2354600,Renfield: Bring Your Own Blood,0.0,,False
1663850,REPLACED,18.2,2026-04-16T08:07:05+00:00,False
3509430,Replicat,0.0,,False
2050650,Resident Evil 4,12.0,2023-03-25T12:33:00+00:00,False
3764200,Resident Evil Requiem,33.5,2026-05-09T18:11:02+00:00,False
2713000,Resonance: A Plague Tale Legacy,0.9,2026-08-28T12:54:27+00:00,False
1649240,Returnal™,67.4,2025-11-29T08:34:03+00:00,False
2787320,Revenge of the Savage Planet,0.0,,False
3350200,Revenge on gold diggers ,0.0,,False
1175460,Revita,0.0,,False
727540,ReX,0.0,,False
1475840,RHYTHM SPROUT,0.0,,False
2290180,Riders Republic,0.0,,False
755790,Ring of Elysium,30.3,2019-10-23T14:33:08+00:00,False
391220,Rise of the Tomb Raider,0.0,,False
632360,Risk of Rain 2,9.9,2023-11-02T09:39:05+00:00,False
1337520,Risk of Rain Returns,0.0,,False
3478050,Road to Empress I,9.1,2025-09-16T15:54:51+00:00,False
4148240,Road to Empress Ⅱ,16.8,2026-06-15T16:42:35+00:00,False
1155970,Roadwarden,0.0,,False
1681430,RoboCop: Rogue City,0.4,2025-04-06T13:44:18+00:00,False
645780,Robot Pirates,0.0,,False
438480,Rock 'N' Roll Defense,0.0,,False
787810,Rogue Heroes: Ruins of Tasos,0.0,,False
1294420,Rollerdrome,0.0,,False
1805320,Romestead,0.0,,False
2056340,Room of Depression,0.9,2026-03-29T16:04:56+00:00,False
2451740,Rotwood Playtest,0.0,,False
1839510,RPG Time: The Legend of Wright,0.6,2026-04-18T13:59:24+00:00,False
1206610,Rubber Bandits,0.0,,False
689350,Ruin City Gasolina,0.0,,False
464060,RUINER,0.0,,False
671800,Run!ZombieFood!,0.0,,False
2864560,Rune Factory: Guardians of Azuma,0.7,2025-06-07T11:00:20+00:00,False
270150,RUNNING WITH RIFLES,0.0,,False
584220,RunningDead,3.0,2017-11-08T04:34:25+00:00,False
435120,Rusty Lake Hotel,3.2,2018-01-20T17:16:22+00:00,False
744190,Rusty Lake Paradise,4.6,2018-01-17T10:41:41+00:00,False
532110,Rusty Lake: Roots,4.3,2018-01-18T14:41:47+00:00,False
1067540,Röki,0.0,2025-01-02T05:18:59+00:00,False
1643320,S.T.A.L.K.E.R. 2: Heart of Chornobyl,4.5,2025-11-30T18:23:30+00:00,False
757310,Sable,0.0,,False
1599660,Sackboy™: A Big Adventure,0.0,,False
1050160,Sacrifice Your Friends,0.0,,False
742420,Saints Row,0.0,,False
9480,Saints Row 2,0.0,,False
978300,Saints Row The Third Remastered,0.0,,False
541570,Sally Face - Episode One,2.1,2023-10-31T13:37:37+00:00,False
1116260,SAMUDRA,0.0,,False
1562700,SANABI,0.0,,False
210770,Sanctum 2,3.0,2017-12-10T13:22:19+00:00,False
1880330,Sanfu,0.0,,False
820240,Save One More,0.0,,False
3513600,Scarlet Idol,4.2,2026-06-20T16:21:30+00:00,False
775500,SCARLET NEXUS,0.0,,False
698670,Scorn,2.1,2023-10-31T13:06:37+00:00,False
1037020,ScourgeBringer,0.0,,False
218680,Scribblenauts Unlimited,3.2,2022-03-13T18:04:35+00:00,False
3948120,Scritchy Scratchy,13.8,2026-05-06T08:03:27+00:00,False
1172620,Sea of Thieves,12.5,2023-03-12T17:46:53+00:00,False
832470,Season Up,0.0,,False
695330,SEASON: A letter to the future,2.1,2024-09-15T17:17:34+00:00,False
700160,Semblance,0.0,,False
1144400,Senren＊Banka,0.0,,False
522210,Serial Cleaner,0.0,,False
3636770,Servant of the Lake,4.3,2026-08-17T03:53:07+00:00,False
1227690,Severed Steel,0.0,,False
1545560,Shadow Gambit: The Cursed Crew,0.0,,False
750920,Shadow of the Tomb Raider,0.0,,False
418240,Shadow Tactics: Blades of the Shogun,2.1,2023-10-31T13:37:38+00:00,False
1579380,Shadow Tactics: Blades of the Shogun - Aiko's Choice,0.0,,False
233130,Shadow Warrior,0.0,,False
324800,Shadow Warrior 2,2.3,2023-10-31T13:37:30+00:00,False
1116580,Shady Part of Me,0.0,,False
2444750,Shape of Dreams,2.8,2026-01-16T01:47:34+00:00,False
1318690,shapez,0.0,,False
3418990,Shattered Divinities,0.0,,False
3862670,Shelldiver,0.0,,False
209230,Sherlock Holmes and The Hound of The Baskervilles,0.0,,False
1137300,Sherlock Holmes Chapter One,0.0,,False
241260,Sherlock Holmes: Crimes and Punishments,0.0,,False
359840,Shift Happens,0.0,,False
2361770,SHINOBI: Art of Vengeance,1.5,2025-09-26T09:37:08+00:00,False
2072170,Shiny Ski Resort,0.0,,False
525360,Shio,0.0,,False
3496000,"Ship, Inc.",0.0,,False
2084000,Shogun Showdown,0.0,,False
2853160,SHOOPER NOVA,0.0,,False
506140,Shop Heroes,8.0,2017-09-18T07:27:13+00:00,False
1972440,Shotgun King: The Final Checkmate,0.0,,False
528720,Shu,0.0,,False
3910,Sid Meier's Civilization III: Complete,0.0,,False
8930,Sid Meier's Civilization V,0.0,,False
289070,Sid Meier's Civilization VI,3.0,2023-10-31T11:28:36+00:00,False
1167140,Siege Survival: Gloria Victis,0.0,,False
2138710,Sifu,0.0,,False
314790,Silence,0.0,,False
2124490,SILENT HILL 2,43.7,2026-07-28T00:47:47+00:00,False
2947440,SILENT HILL f,88.4,2026-01-28T21:00:45+00:00,False
1636440,SILENT HILL: Townfall,0.0,,False
1598780,Silly Polly Beast,1.3,2025-11-13T10:42:20+00:00,False
975470,Silver Chains,0.0,,False
2101290,Silver Screen Story,0.0,,False
814200,Simple Story - Alex,0.0,,False
204880,Sins of a Solar Empire: Rebellion,3.5,2022-03-13T18:19:58+00:00,False
1263240,Skate Story,0.0,,False
3601190,Skating Rink Story,0.0,,False
308600,Skillshot City,2.7,2022-03-13T17:33:19+00:00,False
1147560,Skul: The Hero Slayer,1.3,2025-05-21T06:16:56+00:00,False
2853730,Skull and Bones,0.0,,False
382140,SKYHILL,0.0,,False
3185000,Skyline Urban Story,0.1,2025-06-27T02:51:15+00:00,False
4424950,Skyship Quest Story,0.0,,False
656600,Slash It Ultimate,7.7,2022-03-15T11:47:27+00:00,False
1989270,Slay the Princess — The Pristine Cut,6.1,2026-09-22T01:25:38+00:00,True
646570,Slay the Spire,0.0,,False
2868840,Slay the Spire 2,0.0,2026-03-20T16:12:49+00:00,False
1643850,Slaycation Paradise,0.0,,False
307690,Sleeping Dogs: Definitive Edition,0.0,,False
2348610,Slime 3K: Rise Against Despot,0.1,2025-12-28T06:55:52+00:00,False
433340,Slime Rancher,0.0,,False
235620,Small World,1.4,2022-04-10T15:56:52+00:00,False
1755300,Smart Factory Tycoon,0.0,,False
714620,Snakeez,0.0,,False
2608350,Snezhinka:Sentinel Girls2,0.3,2024-09-06T13:49:18+00:00,False
238090,Sniper Elite 3,0.0,,False
1029690,Sniper Elite 5,0.0,,False
368070,Sniper Ghost Warrior 3,0.0,,False
973580,Sniper Ghost Warrior Contracts,0.0,,False
1124260,Snowtopia,0.0,,False
1808680,Snufkin: Melody of Moominvalley,0.0,,False
282140,SOMA,0.0,,False
1435670,Song of Farca,0.0,,False
1096570,SONG OF HORROR,0.0,,False
1186460,Songs of Wuxia,0.0,,False
1237320,Sonic Frontiers,0.0,,False
1326470,Sons Of The Forest,0.0,,False
2475460,SOS OPS!,0.0,,False
3839250,Soulforge Lost Path,0.6,2026-09-13T16:01:17+00:00,True
1602080,Soulstice,0.0,,False
2066020,Soulstone Survivors,1.6,2025-01-07T12:39:29+00:00,False
1315610,Source of Madness,0.0,,False
1811040,South of the Circle,0.0,,False
953870,Space Robinson,0.0,,False
1329500,SpiderHeck,0.0,,False
1213700,Spirit of the North,0.0,,False
972660,Spiritfarer®: Farewell Edition,0.0,,False
2001120,Split Fiction,57.9,2025-09-30T09:32:50+00:00,False
841140,Square Head Zombies 2 - FPS Game,0.0,,False
2067050,Squirrel with a Gun,0.0,,False
115110,Stacking,0.0,,False
760350,Star Sweet,0.0,,False
1172380,STAR WARS Jedi: Fallen Order™ ,2.5,2023-10-31T13:06:35+00:00,False
2075800,STAR WARS Zero Company™,34.9,2026-09-12T01:43:56+00:00,True
2419090,STAR WARS™: Bounty Hunter™,0.0,,False
413150,Stardew Valley,0.0,,False
1716740,Starfield,2.3,2023-10-31T12:35:53+00:00,False
2097570,StarVaders,0.0,,False
495420,State of Decay 2,3.9,2023-10-31T09:55:52+00:00,False
1842690,Station Manager,0.0,,False
2272400,Station to Station,0.0,,False
571310,SteamWorld Dig 2,0.0,,False
322190,SteamWorld Heist,0.0,,False
1283400,Steelrising,0.0,,False
460920,Steep,0.0,,False
412830,STEINS;GATE,0.0,,False
3489700,Stellar Blade™,50.9,2026-08-05T18:03:25+00:00,False
711210,StepX,0.0,,False
674940,Stick Fight: The Game,0.0,,False
2303350,Sticky Business,0.0,,False
1622910,Still Wakes the Deep,0.0,,False
312670,Strange Brigade,2.1,2023-10-31T13:37:39+00:00,False
1332010,Stray,15.1,2026-08-11T05:30:49+00:00,False
1920780,Stray Gods: The Roleplaying Musical,0.0,,False
1261040,Streamer Life Simulator,0.0,,False
512900,Streets of Rogue,0.0,,False
235210,Strider,0.0,,False
1035560,Struggling,0.0,,False
1750570,Subway Midnight,0.0,,False
985830,SUCCUBUS,0.0,,False
1293180,SuchArt!,0.0,,False
3117820,Sultan's Game,0.0,,False
962580,Summer in Mara,0.0,,False
2533960,SUMMERHOUSE,0.0,,False
1432860,Sun Haven,0.0,,False
1619990,SUPER PEOPLE Testing Grounds,0.0,,False
2709570,Supermarket Together,3.2,2025-05-18T14:39:26+00:00,False
438080,Surfingers,0.0,,False
4164790,Survival Log,0.2,2026-08-22T01:46:00+00:00,False
3528450,Sweet Home,0.0,,False
1543030,Sword and Fairy 7,12.2,2022-08-14T10:21:37+00:00,False
1488200,Symphony of War: The Nephilim Saga,0.0,,False
1245480,SYNDUALITY Echo of Ada,0.0,,False
343860,Tacoma,7.9,2022-03-17T14:36:44+00:00,False
744550,Tactical Operations,0.0,,False
1283410,Tails of Iron,0.0,,False
1466060,Tainted Grail: The Fall of Avalon,0.0,,False
868150,Takelings House Party,0.0,,False
1652250,Tales And Tactics,0.0,,False
330830,Tales from the Borderlands,0.0,,False
1093910,Tales of the Black Forest,0.0,,False
828740,Tales of the Neon Sea,0.8,2026-04-08T11:48:37+00:00,False
628770,Tangledeep,0.0,,False
407130,Tank Mechanic Simulator,0.0,,False
371570,Tap Heroes,2.6,2017-11-03T13:06:18+00:00,False
1525700,Tavern Master,0.0,,False
3678970,TBH: Task Bar Hero,52.9,2026-07-17T02:11:04+00:00,False
3070070,TCG Card Shop Simulator,0.3,2025-10-10T17:15:35+00:00,False
2825110,Technotopia,0.0,,False
2996040,Teenage Mutant Ninja Turtles: Splintered Fate,0.0,,False
2054810,Tennis Club Story,0.0,,False
1244800,Terraformers,0.0,,False
249590,Teslagrad,0.0,,False
1698220,Teslagrad 2,0.0,,False
2230650,TEVI,0.0,,False
1601570,The Alters,2.8,2025-06-22T14:38:12+00:00,False
1433860,The Amazing American Circus,0.0,,False
1120480,The Anacrusis,0.0,,False
979690,The Ascent,1.4,2026-08-11T12:09:52+00:00,False
792300,The Beast Inside,0.0,,False
1139280,The Big Con,0.0,,False
3751260,The Blood of Dawnwalker,45.2,2026-09-24T08:26:41+00:00,True
2533870,The Book Of Hiro,1.6,2026-01-08T07:22:06+00:00,False
1432100,The Bookwalker,0.0,,False
204240,The Bridge,3.1,2017-11-04T07:58:01+00:00,False
2331330,The Bridge Curse 2: The Extrication,0.0,,False
1611430,The Bridge Curse Road to Salvation,0.0,,False
65930,The Bureau: XCOM Declassified,4.1,2017-12-10T15:28:25+00:00,False
1045720,The Coma 2: Vicious Sisters,0.0,,False
1781890,The Coma 2B: Catacomb,0.0,,False
3885590,The Coma 3: Bloodlines,0.0,,False
600090,The Coma: Recut,0.0,,False
440880,The Count Lucanor,0.0,,False
646910,The Crew 2,0.0,,False
2951890,The Cursed Tape,0.0,,False
1281590,The Dark Pictures Anthology: House of Ashes,0.0,,False
1775270,The Dark Pictures Anthology: House of Ashes - Friend's Pass,0.0,,False
1194630,The Dark Pictures Anthology: Little Hope,0.3,2026-05-10T03:07:12+00:00,False
1537710,The Dark Pictures Anthology: Little Hope - Friend's Pass,0.0,,False
939850,The Dark Pictures Anthology: Man of Medan,0.1,2026-05-10T13:40:58+00:00,False
1567020,The Dark Pictures Anthology: The Devil in Me,0.0,,False
2285890,The Dark Pictures Anthology: The Devil in Me - Friend's Pass,0.0,,False
420740,The Deed,0.0,,False
460960,The Deed: Dynasty,0.0,,False
306130,The Elder Scrolls Online,0.0,,False
268050,The Evil Within,49.0,2026-09-24T00:35:23+00:00,True
601430,The Evil Within 2,0.0,2025-08-09T17:04:33+00:00,False
1182310,The Excavation of Hob's Barrow,0.0,,False
2073850,THE FINALS,42.1,2024-10-04T14:53:30+00:00,False
2076040,THE FINALS PLAYTEST,36.8,2023-11-05T16:26:24+00:00,False
2680010,The First Berserker: Khazan,40.3,2025-10-06T08:56:17+00:00,False
2074920,The First Descendant,408.4,2025-05-21T09:51:31+00:00,False
2074930,The First Descendant Final Technical Test,19.1,2023-09-24T02:54:17+00:00,False
555150,The First Tree,0.0,,False
318600,The Flame in the Flood,0.0,,False
242760,The Forest,14.2,2022-11-11T15:38:30+00:00,False
392280,The Franz Kafka Videogame,0.0,,False
402040,The Guest,0.0,,False
1087760,The Gunk,0.0,,False
1768470,The Heroes Around Me,4.9,2026-07-29T06:09:37+00:00,False
510420,The Hex,0.0,,False
2593370,The Hungry Lamb: Traveling in the Late Ming Dynasty,8.2,2025-01-11T01:38:14+00:00,False
3641000,The Incident at Galley House,0.8,2026-08-17T07:20:24+00:00,False
400170,The Incredible Adventures of Van Helsing: Final Cut,3.5,2017-10-27T17:41:51+00:00,False
613470,The Inner World: The Last Wind Monk,0.0,,False
731040,The Invincible,0.0,,False
315540,The Joylancer: Legendary Motor Knight,0.0,,False
2753900,The King is Watching,39.9,2026-07-20T06:01:49+00:00,False
812550,The King's Bird,0.0,,False
1167750,The Lamplighters League,0.0,,False
990630,The Last Campfire,0.0,,False
1888930,The Last of Us™ Part I,23.9,2025-12-17T05:25:30+00:00,False
2531310,The Last of Us™ Part II Remastered,0.0,,False
1105670,The Last Spell,0.0,,False
1406850,The Legend of Tianding,0.0,,False
1272160,The Life and Suffering of Sir Brante,0.0,,False
1561660,The Lightbringer,0.0,,False
1486450,The Lonesome Guild,0.0,,False
305620,The Long Dark,0.0,,False
1921770,The Manga Works,0.0,,False
360940,The Mean Greens - Plastic Warfare,0.0,,False
1293160,The Medium,0.0,,False
764790,The Messenger,0.0,,False
1304930,The Outlast Trials,0.0,,False
624270,The Painscreek Killings,0.0,,False
1515210,The Past Within,0.0,,False
1521070,The Pegasus Expedition,0.0,,False
1627570,The Plucky Squire,0.0,,False
2466900,The Posthumous Investigation,0.0,,False
2101280,The Pyraplex,0.0,,False
1577120,The Quarry,0.0,,False
1918540,The Ramen Sensei,0.5,2026-09-08T05:37:07+00:00,False
265590,The Red Solstice,2.5,2022-03-13T16:27:22+00:00,False
589780,The Red Strings Club,0.0,,False
2947970,The Restless Sheep & The Lone Wolf -A Tale of Cutthroat Lovers-,0.0,,False
1161170,The Rewinder,0.0,,False
838350,The Scroll of Taiwu : Beyond The Dome,8.4,2018-11-10T23:37:47+00:00,False
1453790,The Serpent Rogue,0.0,,False
898650,The Shapeshifting Detective,0.0,,False
1297300,THE SHORE,0.0,,False
2825860,The Sinking City 2,18.4,2026-08-22T00:35:57+00:00,False
750130,The Sinking City Remastered,0.0,,False
1507120,The Spirit of the Samurai,3.2,2026-08-13T03:57:05+00:00,False
3976500,The Spotter: Dig or Die,15.9,2026-07-07T12:31:04+00:00,False
828900,The Stillness of the Wind,0.0,,False
644830,The Surge 2,3.0,2023-10-31T11:28:37+00:00,False
897450,The Survivalists,0.0,,False
1921780,The Sushi Spinnery,0.0,,False
1009560,The Tenants,0.0,,False
205650,The Testament of Sherlock Holmes,0.0,,False
940680,The Textorcist: The Story of Ray Bibbia,0.0,,False
1684350,The Thaumaturge,0.0,,False
709700,The Thing: Space X,0.0,,False
3412900,The Three Kingdoms: Rebirth,1.6,2026-04-30T04:21:32+00:00,False
406970,The Uncertain: Last Quiet Day,0.0,,False
925570,The Uncertain: Light At The End,0.0,,False
1206430,The Unfinished Swan,0.0,,False
207610,The Walking Dead,3.4,2017-09-14T03:18:41+00:00,False
1449690,The Walking Dead: The Telltale Definitive Series,0.0,,False
966670,The Wanderer: Frankenstein's Creature,0.0,,False
2411250,The Warrior,0.0,,False
1145960,The White Door,0.0,,False
235520,The White Laboratory,0.0,,False
292030,The Witcher 3: Wild Hunt - Complete Edition,9.0,2025-12-09T18:50:29+00:00,False
518790,theHunter: Call of the Wild™,0.0,,False
1736270,They are coming,0.0,,False
635390,Thief of Thieves: Season One,0.0,,False
704850,Thief Simulator,0.2,2026-07-18T18:29:07+00:00,False
1269300,This Means Warp,0.0,,False
282070,This War of Mine,0.0,,False
803390,Thunderbolt,0.0,,False
855050,Thunderbolt 2,0.0,,False
1343240,Thymesia,2.8,2026-01-15T15:56:22+00:00,False
790740,Tick Tock: A Tale for Two,0.0,,False
1301950,Time Loader,0.0,,False
3629780,Tingus Goose,0.0,,False
3375110,Tiny Eden,0.0,,False
3167550,Tiny Pasture,54.1,2026-04-22T08:07:05+00:00,False
1286680,Tiny Tina's Wonderlands,0.8,2023-07-23T15:11:55+00:00,False
297130,Titan Souls,0.0,,False
1237970,Titanfall® 2,7.6,2026-06-24T16:57:50+00:00,False
206440,To the Moon,3.0,2026-07-25T15:35:12+00:00,False
1307580,TOEM,0.0,,False
1550270,Togges,0.0,,False
460930,Tom Clancy's Ghost Recon® Wildlands,0.0,,False
359550,Tom Clancy's Rainbow Six Siege,5.6,2022-04-09T16:45:52+00:00,False
623990,Tom Clancy's Rainbow Six Siege - Test Server,0.0,,False
365590,Tom Clancy's The Division,104.7,2026-03-05T15:18:29+00:00,False
524440,Tom Clancy's The Division PTS,0.0,,False
203160,Tomb Raider,0.0,,False
8000,Tomb Raider: Anniversary,0.0,,False
1836030,TOOK: The Immortal Hero,0.0,,False
1004490,Tools Up!,0.0,,False
41500,Torchlight,0.0,,False
200710,Torchlight II,0.0,,False
34330,Total War: SHOGUN 2,0.0,,False
779340,Total War: THREE KINGDOMS,3.3,2022-03-13T17:01:15+00:00,False
508440,Totally Accurate Battle Simulator,0.0,,False
1011670,Totally Reliable Delivery Service,0.0,,False
1584090,Touhou Mystia's Izakaya,0.6,2024-01-03T02:50:54+00:00,False
844850,Tower Hunter: Erza's Trial,0.0,,False
2665680,Tower of Babel: Survivors of Chaos,0.8,2025-05-20T14:28:50+00:00,False
617480,Tower of Time,0.0,,False
251470,TowerFall Ascension,0.0,,False
1291340,Townscaper,0.0,,False
585420,Trailmakers,0.0,,False
353640,Train Valley,0.0,,False
1066780,Transport Fever 2,0.0,,False
1370050,Trek to Yomi,0.0,,False
1059900,Tribe: Primitive Builder,0.0,,False
858820,Tribes of Midgard,11.7,2022-09-22T14:30:06+00:00,False
35700,Trine,0.0,,False
35720,Trine 2,0.0,,False
319910,Trine 3: The Artifacts of Power,0.0,,False
690640,Trine 4: The Nightmare Prince,7.1,2025-07-06T14:58:26+00:00,False
1436700,Trine 5: A Clockwork Conspiracy,6.7,2026-04-26T17:59:36+00:00,False
546090,Trip to Vinelands,0.0,,False
845970,Trivia Vault: Movie Trivia,0.0,2026-04-09T18:44:09+00:00,False
844140,Trivia Vault: Soccer Trivia,0.0,2026-04-09T18:44:10+00:00,False
851520,Trivia Vault: TV Trivia,0.0,2026-04-09T18:44:11+00:00,False
2119680,Tropical Resort Story,0.0,,False
304050,Trove,8.9,2017-09-14T13:14:29+00:00,False
757300,Truberbrook,0.0,,False
1082180,TT Isle of Man: Ride on the Edge 2,0.0,,False
701470,TTV2,0.0,,False
1601970,Tunguska: The Visitation - Final Cut,0.0,,False
361280,Turmoil,0.0,,False
2097230,Turnip Boy Robs a Bank,0.0,,False
2732020,TV Studio Story,0.0,,False
1552810,Twin Mirror,0.0,,False
1649080,Two Point Campus,0.4,2025-11-12T06:10:32+00:00,False
7520,Two Worlds II HD,0.0,,False
357070,UBERMOSH,0.0,,False
515570,UBERMOSH Vol.3,0.0,,False
640380,UBERMOSH Vol.5,0.0,,False
1181000,UBERMOSH:OMEGA,0.0,,False
586350,UBERMOSH:WRAITH,0.0,,False
386940,Ultimate Chicken Horse,0.0,,False
468920,Ultimate Fishing Simulator®,0.0,,False
1136380,Ultimate Fishing® Simulator 2,0.0,,False
2386310,Ultros,0.0,,False
814680,Unbound: Worlds Apart,0.0,,False
1659420,UNCHARTED™: Legacy of Thieves Collection,0.0,,False
1549250,Undecember,46.1,2024-11-14T10:26:17+00:00,False
1975440,Under The Waves,0.0,,False
4104120,Undercover,0.0,,False
942970,Unheard - Voices of Crime,0.0,,False
1627840,Universe For Sale,0.0,,False
2835180,Unlinked Mask,0.0,,False
1016920,Unrailed!,0.0,,False
1225570,Unravel Two,0.1,2025-06-21T16:43:10+00:00,False
678850,Uurnog Uurnlimited,0.0,,False
1604030,V Rising,0.2,2022-05-18T03:03:17+00:00,False
892970,Valheim,0.0,,False
3265700,Vampire Crawlers,28.2,2026-04-26T08:21:02+00:00,False
427290,Vampyr,0.0,,False
1063310,Vane,0.0,,False
1491670,Venba,0.0,,False
1923670,Venture Towns,0.0,,False
652550,Vickinachi,0.0,,False
1382070,Viewfinder,0.0,,False
255520,Viscera Cleanup Detail: Shadow Warrior,0.0,,False
1964260,Void Prison,0.0,,False
2004680,Voidling Bound,31.4,2026-06-17T07:57:59+00:00,False
1159690,Voidtrain,0.0,,False
1669980,Volcano Princess,0.6,2026-01-15T06:58:41+00:00,False
656460,Vostok Inc.,0.0,,False
2187290,Wall World,1.3,2025-01-07T09:56:38+00:00,False
431960,Wallpaper Engine,18.8,2026-09-15T01:10:42+00:00,True
1876890,Wandering Sword,0.0,,False
230410,Warframe,20.6,2020-09-06T03:38:05+00:00,False
489630,"Warhammer 40,000: Gladius - Relics of War",0.0,,False
527430,"Warhammer 40,000: Inquisitor - Martyr",2.1,2023-10-31T13:37:43+00:00,False
2186680,"Warhammer 40,000: Rogue Trader",0.0,,False
2183900,"Warhammer 40,000: Space Marine 2",4.0,2026-06-24T03:51:36+00:00,False
1844380,Warhammer Age of Sigmar: Realms of Ruin,0.0,,False
552500,Warhammer: Vermintide 2,10.0,2022-03-13T18:35:17+00:00,False
243470,Watch_Dogs,0.0,,False
447040,Watch_Dogs 2,0.0,,False
21010,Watchmen: The End Is Nigh,0.0,,False
21030,Watchmen: The End Is Nigh Part 2,0.0,,False
1823930,Wavetale,0.6,2026-03-18T12:14:34+00:00,False
2296990,We Were Here Expeditions: The FriendShip,4.3,2024-09-23T14:52:07+00:00,False
865360,We Were Here Together,0.0,,False
2094580,We. The Refugees: Ticket to Europe,0.0,,False
1902710,Weird RPG,0.0,,False
3195440,Welcome to Elderfield,0.0,,False
1519090,Welcome to ParadiZe,0.0,,False
3699590,Well Dweller,0.0,,False
679110,Werewolf: The Apocalypse - Earthblood,0.0,,False
1721170,What Lies in the Multiverse,0.0,,False
501300,What Remains of Edith Finch,2.1,2023-10-31T13:37:44+00:00,False
1175840,Whateverland,0.0,,False
2185990,When the Light Dies,0.0,,False
447120,Where the Water Tastes Like Wine,2.1,2023-10-31T13:37:45+00:00,False
3422450,Whisker Wanderlust: The Mosaic of Souls,4.1,2025-12-26T18:01:47+00:00,False
3603580,Whisker Wanderlust: The Wondrous Journey,2.5,2026-04-04T12:20:42+00:00,False
288060,Whispering Willows,0.0,,False
466130,White Day: A Labyrinth Named School,0.0,,False
1158890,White Shadows,0.0,,False
1628130,Who Pressed Mute on Uncle Marcus?,0.0,,False
2072430,Wild Park Manager,0.0,,False
1975580,Wild Woods,0.0,,False
1599330,Wildmender,0.0,,False
1097110,Willy Morgan,0.0,,False
3041230,Windrose,0.0,,False
1150530,Wizard with a Gun,0.0,,False
1448440,Wo Long: Fallen Dynasty,49.7,2025-11-16T07:02:49+00:00,False
2593340,Wonderia,0.0,,False
2572040,Woodo,3.7,2026-09-18T01:54:02+00:00,True
2019360,World Cruise Story,0.0,,False
1186040,Worms Rumble,0.0,,False
327030,Worms W.M.D,0.0,,False
458770,WRC 6,0.0,,False
621830,WRC 7,0.0,,False
1267540,WRC 9 FIA World Rally Championship,0.2,2026-03-07T18:27:39+00:00,False
3081280,Wretch: Divine Ascent,0.4,2025-11-24T17:53:50+00:00,False
2277560,WUCHANG: Fallen Feathers,50.1,2025-09-30T08:01:05+00:00,False
366220,Wurm Unlimited,3.8,2017-10-28T07:22:22+00:00,False
408410,X-Morph: Defense,0.0,,False
2820,X3: Terran Conflict,0.0,,False
392160,X4: Foundations,0.0,,False
268500,XCOM 2,5.8,2023-10-31T14:21:56+00:00,False
2816950,Yaoling: Mythical Journey,0.3,2025-07-05T05:52:55+00:00,False
1115690,"Yes, Your Grace",0.0,,False
2163330,Yet Another Zombie Survivors,46.0,2026-09-01T08:50:35+00:00,False
846870,Yooka-Laylee and the Impossible Lair,0.0,,False
837880,You Suck at Parking® - Complete Edition,0.0,,False
985900,Young Souls,0.1,2022-03-17T13:59:13+00:00,False
1000080,Zengeon,0.0,,False
1812180,Zipp's Café,0.0,,False
1434540,Zoeti,0.0,,False
694280,Zombie Army 4: Dead War,4.5,2023-03-12T23:20:15+00:00,False
301640,Zombie Army Trilogy,0.0,,False
790230,Zombie Clicker Defense,0.0,,False
416680,Zombie Night Terror,0.0,,False
2437690,Zoo Park Story,0.0,,False
1057680,人间 The Lost We Lost,0.0,,False
658610,位面穿越者-三国传(A Bit Crosser-Three Kingdoms),0.0,,False
1765350,候鸟,0.0,,False
578440,冒险村传说（Tales of Legends）,2.5,2017-12-10T09:45:27+00:00,False
992300,嗜血印 Bloody Spell,4.5,2023-04-14T14:23:46+00:00,False
2134580,实习班主任 Practice Teacher,0.0,,False
1787500,山：临界幸存者,0.0,,False
1296830,暖雪 Warm Snow,0.4,2022-01-22T17:00:19+00:00,False
1092400,月球坠落时 Moon Fall,0.0,,False
724970,神舞幻想 Faith of Danschant,2.6,2022-03-13T17:17:25+00:00,False
1189490,觅长生,2.2,2024-09-14T17:39:01+00:00,False
3007490,走亲戚大作战,3.8,2026-02-16T06:55:19+00:00,False
939620,趣拼拼：肖像画 Pleasure Puzzle:Portrait,0.0,,False
4164310,这是谐音梗,0.8,2026-07-21T17:52:42+00:00,False
1737340,通神榜 Noobs Want to Live,6.4,2026-01-12T04:18:41+00:00,False
1329410,雀魂麻将(MahjongSoul),0.3,2023-09-23T05:17:00+00:00,False
